name,aging,uf,city,locality,station,cell_classification,cell_sales_status,cell,majority_group,hc,hp,hp_viable,hp_viable_total,ocup,cod_city_ibge,hc_expected,achievement,coordinates,cell_status,cell_status_sales,Despriorizar
RO-35 (ETCN),247,RO,PORTO VELHO,PVO,ETCN,BRONZE,Sem Restrição de Vendas,35 (ETCN) Secundária,Suburbio,172,391,391,391,0.4399,1100205,135,1.274074074,"-63.8496177348115,-8.73771116059949,0 -63.85115732278679,-8.737188129841581,0 -63.8522114309297,-8.736713378845909,0 -63.852251664065,-8.736753611981101,0 -63.8536531182748,-8.73810678642918,0 -63.85333795871309,-8.739604800163979,0 -63.8511197718588,-8.739113955914251,0 -63.8510661276782,-8.73939827006985,0 -63.8507362159695,-8.7393338970535,0 -63.8507858368364,-8.73904690068891,0 -63.8493173274008,-8.738749175488261,0 -63.8495372685391,-8.73773530048055,0 -63.8496177348115,-8.73771116059949,0",ATIVAS,Sem restrição de Venda,RO-35 (ETCN) Secundária
RO-36 (ETCN),247,RO,PORTO VELHO,PVO,ETCN,BRONZE,Sem Restrição de Vendas,36 (ETCN) Secundária,Suburbio,84,301,301,301,0.2791,1100205,104,0.807692308,"-63.850460946555,-8.741405904292909,0 -63.8501095771737,-8.74132812023138,0 -63.848980367179,-8.741084039211101,0 -63.849422931667,-8.7387880682938,0 -63.850773548962,-8.739052063857001,0 -63.85073163273301,-8.739336653102001,0 -63.851068920514,-8.7394030377753,0 -63.85112457634699,-8.7391187236204,0 -63.85203753324299,-8.7393343061699,0 -63.851535960157,-8.741651734758729,0 -63.851020976026,-8.741537740875611,0 -63.850460946555,-8.741405904292909,0",ATIVAS,Sem restrição de Venda,RO-36 (ETCN) Secundária
RO-57 (ETCN),243,RO,PORTO VELHO,PVO,ETCN,BRONZE,Sem Restrição de Vendas,57 (ETCN) Secundária,Suburbio,121,274,274,274,0.4416,1100205,69,1.753623188,"-63.8261896371809,-8.750385940075541,0 -63.825889229771,-8.751887977123941,0 -63.8253588229384,-8.751773312688551,0 -63.8253353536095,-8.751924186945629,0 -63.8245581835474,-8.75175051391192,0 -63.8237783312764,-8.751574158669181,0 -63.82351312786,-8.75151649117536,0 -63.8232479244437,-8.75145882368153,0 -63.8227282464471,-8.751343488693889,0 -63.821688890454,-8.75110745430058,0 -63.8216727972,-8.75120669603411,0 -63.8182127475695,-8.750410079956721,0 -63.8147956132832,-8.7496456503875,0 -63.8149672746603,-8.749103173614261,0 -63.8212704658453,-8.750594146550419,0 -63.82132947444369,-8.750217128545771,0 -63.8214300572819,-8.750237077475321,0 -63.8215118646578,-8.749323785305711,0 -63.8233411312066,-8.74974757433003,0 -63.8261896371809,-8.750385940075541,0",ATIVAS,Sem restrição de Venda,RO-57 (ETCN) Secundária
RO-59 (ETCN),242,RO,PORTO VELHO,PVO,ETCN,BRONZE,Sem Restrição de Vendas,59 (ETCN) Secundária,Suburbio,186,396,396,387,0.4697,1100205,136,1.367647059,"-63.8329273462444,-8.75069975852867,0 -63.8328817486913,-8.747811019419579,0 -63.83288577200491,-8.74742478132139,0 -63.8331415038707,-8.747438360004541,0 -63.8331504725071,-8.748236484824529,0 -63.8337433559506,-8.74827497871485,0 -63.8337796810234,-8.74856962356608,0 -63.8340669078904,-8.748576873912331,0 -63.8342068437638,-8.74865574762117,0 -63.8348193094286,-8.748746439813489,0 -63.83498393000689,-8.74822810292136,0 -63.8365577161464,-8.748588860033861,0 -63.8368192315254,-8.74767422675979,0 -63.8371930644068,-8.74774899333609,0 -63.8372664898787,-8.747598454355121,0 -63.8374321162854,-8.747616559265969,0 -63.8374066352999,-8.747776150702361,0 -63.8367334008371,-8.75039801001444,0 -63.8370794058,-8.75048518180744,0 -63.836891651169,-8.75138908624549,0 -63.836072571591,-8.751368969677889,0 -63.8360085338507,-8.75102430581947,0 -63.835827149466,-8.75098541378876,0 -63.8356243074091,-8.75134214758774,0 -63.8329273462444,-8.75069975852867,0",ATIVAS,Sem restrição de Venda,RO-59 (ETCN) Secundária
RO-19 (EDPO),239,RO,PORTO VELHO,PVO,EDPO,BRONZE,Sem Restrição de Vendas,19 (EDPO) Secundária,Comunidade,241,432,432,356,0.5579,1100205,97,2.484536082,"-63.9181992666676,-8.730072432881339,0 -63.9181778089952,-8.73064106119252,0 -63.91812952923281,-8.731912428265581,0 -63.91661139893039,-8.732591027146359,0 -63.916375364537,-8.734471255665801,0 -63.9148947851609,-8.73579090250111,0 -63.9143958942859,-8.739481622105989,0 -63.9111396925419,-8.739331418401131,0 -63.910957302329,-8.7359196485342,0 -63.912963594672,-8.734600001698899,0 -63.9158711092434,-8.730785900479511,0 -63.9160105841117,-8.730622285729501,0 -63.9161125080542,-8.730047957724169,0 -63.9163083093123,-8.730057680731839,0 -63.9163116620735,-8.7299564273415,0 -63.9181992666676,-8.730072432881339,0",ATIVAS,Sem restrição de Venda,RO-19 (EDPO) Secundária
RO-16 (EDPO),239,RO,PORTO VELHO,PVO,EDPO,BRONZE,Sem Restrição de Vendas,16 (EDPO) Secundária,Suburbio,187,336,336,327,0.5565,1100205,83,2.253012048,"-63.9103462448437,-8.73987744333207,0 -63.9102677902295,-8.74072770358978,0 -63.9101839711976,-8.741630266923281,0 -63.9096401533198,-8.74141870768722,0 -63.90914260354741,-8.74123195888456,0 -63.909079571636,-8.741649042386401,0 -63.9077116450382,-8.741099189538311,0 -63.9073133369997,-8.741441171187709,0 -63.90651806202699,-8.74207283141072,0 -63.90628605094731,-8.741834114808411,0 -63.905941387089,-8.741396914738999,0 -63.9071906259375,-8.74048429312167,0 -63.9071497222499,-8.74042997838912,0 -63.9076016744686,-8.740079950112669,0 -63.9082198398275,-8.74086877102015,0 -63.9086475683463,-8.739825643170439,0 -63.90913288054,-8.738973203617901,0 -63.9091164520099,-8.73866307320054,0 -63.9092230698183,-8.73842905046398,0 -63.909570415886,-8.7384384381955,0 -63.9103462448437,-8.73987744333207,0",ATIVAS,Sem restrição de Venda,RO-16 (EDPO) Secundária
RO-69 (ETCN),239,RO,PORTO VELHO,PVO,ETCN,BRONZE,Sem Restrição de Vendas,69 (ETCN) Secundária,Suburbio,83,209,209,209,0.3971,1100205,52,1.596153846,"-63.8489656150326,-8.74101966619495,0 -63.84547471999949,-8.74024953693158,0 -63.8438546657544,-8.73988995328555,0 -63.8422104716281,-8.73955719172965,0 -63.8425641879419,-8.7390284612776,0 -63.8426700513789,-8.738671643659581,0 -63.8427276350537,-8.738389927893991,0 -63.84336457587569,-8.738431418314679,0 -63.84344030637081,-8.73817187268298,0 -63.8430025929098,-8.73797287582431,0 -63.8435320724944,-8.73684743244678,0 -63.84425815223731,-8.73603258311061,0 -63.8447186932877,-8.736008985433839,0 -63.8447208621052,-8.738601497607419,0 -63.84468547999649,-8.73980194330227,0 -63.8456638157346,-8.74003328382981,0 -63.848594129083,-8.73809874057784,0 -63.849260658024,-8.73762130737318,0 -63.8495275378209,-8.73767092823997,0 -63.8492871448381,-8.738780021667599,0 -63.84940080344509,-8.738804161548719,0 -63.8489656150326,-8.74101966619495,0",ATIVAS,Sem restrição de Venda,RO-69 (ETCN) Secundária
RO-84 (ETCN),236,RO,PORTO VELHO,PVO,ETCN,BRONZE,Sem Restrição de Vendas,84 (ETCN) Secundária,Suburbio,156,321,321,321,0.486,1100205,111,1.405405405,"-63.83477383813791,-8.77694928306359,0 -63.8341877754684,-8.77973475712561,0 -63.83358561954489,-8.77959125894329,0 -63.8337680097572,-8.778854992568659,0 -63.8301242288105,-8.778129455030189,0 -63.83060300312,-8.7759635712506,0 -63.8332060869689,-8.77654829281586,0 -63.8331953581327,-8.77661601859349,0 -63.8337901379817,-8.776726994991479,0 -63.83386892787151,-8.776746273368779,0 -63.83389357066689,-8.776751889243901,0 -63.83477383813791,-8.77694928306359,0",ATIVAS,Sem restrição de Venda,RO-84 (ETCN) Secundária
RO-91 (ETCN),234,RO,PORTO VELHO,PVO,ETCN,BRONZE,Sem Restrição de Vendas,91 (ETCN) Secundária,Suburbio,186,329,329,329,0.5653,1100205,113,1.646017699,"-63.82672184663699,-8.7760614718764,0 -63.823369085369,-8.7753748263686,0 -63.82395380693399,-8.772585328993101,0 -63.82715100008,-8.7733309830992,0 -63.826780855236,-8.774811562475501,0 -63.826780855236,-8.7748330201476,0 -63.827016889629,-8.7748866643279,0 -63.82695788103099,-8.7751066054671,0 -63.826845228252,-8.7755357589095,0 -63.82672184663699,-8.7760614718764,0",ATIVAS,Sem restrição de Venda,RO-91 (ETCN) Secundária
RO-98 (ETCN),233,RO,PORTO VELHO,PVO,ETCN,BRONZE,Sem Restrição de Vendas,98 (ETCN) Secundária,Suburbio,225,518,518,503,0.4344,1100205,130,1.730769231,"-63.82503455445101,-8.767851091911,0 -63.82464295191801,-8.7677706256422,0 -63.82094150348,-8.7669552341015,0 -63.82081275744699,-8.7676257863553,0 -63.822164590791,-8.7679583802731,0 -63.8220147223626,-8.768664807072341,0 -63.8216703937805,-8.768586687734739,0 -63.8215570704501,-8.768891789010089,0 -63.82109036608561,-8.76880729942563,0 -63.82061159177619,-8.768717445423601,0 -63.8202280358876,-8.768657095720769,0 -63.8198485033146,-8.76858333497259,0 -63.8183491484754,-8.76833456008648,0 -63.81396776004961,-8.76735622434831,0 -63.814300353967,-8.7658340707323,0 -63.817363436665,-8.766504622985799,0 -63.817781861272,-8.7647504582901,0 -63.819391186683,-8.765034772445301,0 -63.81928926274101,-8.765533663322101,0 -63.821263368576,-8.765876986076,0 -63.821209724395,-8.7665743604199,0 -63.825120385139,-8.767309285690001,0 -63.82503455445101,-8.767851091911,0",ATIVAS,Sem restrição de Venda,RO-98 (ETCN) Secundária
RO-118 (ETCN),229,RO,PORTO VELHO,PVO,ETCN,BRONZE,Sem Restrição de Vendas,118 (ETCN) Secundária,Suburbio,258,639,639,639,0.4038,1100205,220,1.172727273,"-63.847984261916,-8.76560915261611,0 -63.84811837234399,-8.7659082189224,0 -63.848831839942,-8.7674531713149,0 -63.84754974403201,-8.767592646183701,0 -63.848955221566,-8.769475556911599,0 -63.84899545470199,-8.76949030906119,0 -63.8489156589838,-8.77034392208015,0 -63.8488304988475,-8.771201558412621,0 -63.84823773065451,-8.77121496945777,0 -63.8476731256571,-8.770901151002979,0 -63.8461187855334,-8.7706154957429,0 -63.8461442665239,-8.770489431918859,0 -63.8451525197404,-8.77025138586882,0 -63.8451505080834,-8.770235963167019,0 -63.8453463093414,-8.76939643174534,0 -63.8445617632045,-8.76921940595037,0 -63.8437638060224,-8.76903701573737,0 -63.843799345292,-8.76881338656073,0 -63.8438362256661,-8.768601827324661,0 -63.8438509778159,-8.76845497638104,0 -63.8439475373399,-8.768420107663911,0 -63.8437383250389,-8.76650903374067,0 -63.8439622894914,-8.766458071769311,0 -63.84443033496481,-8.766133524478541,0 -63.84487558166101,-8.7660570815216,0 -63.8450687007104,-8.76606646925319,0 -63.8463239745293,-8.765945769847511,0 -63.84685773412649,-8.765836469830139,0 -63.847984261916,-8.76560915261611,0",ATIVAS,Sem restrição de Venda,RO-118 (ETCN) Secundária
RO-119 (ETCN),229,RO,PORTO VELHO,PVO,ETCN,BRONZE,Sem Restrição de Vendas,119 (ETCN) Secundária,Suburbio,116,272,272,272,0.4265,1100205,94,1.234042553,"-63.84533926843201,-8.7694003026548,0 -63.845142126081,-8.770227764136299,0 -63.845514953132,-8.77304944802,0 -63.84515151380909,-8.77326268363665,0 -63.8450690358812,-8.77332236278721,0 -63.8450264558127,-8.7733723189301,0 -63.844573497765,-8.7736395340032,0 -63.84324043988501,-8.773438368327099,0 -63.84431868790201,-8.769170973784,0 -63.84533926843201,-8.7694003026548,0",ATIVAS,Sem restrição de Venda,RO-119 (ETCN) Secundária
RO-148 (ETCN),225,RO,PORTO VELHO,PVO,ETCN,BRONZE,Sem Restrição de Vendas,148 (ETCN) Secundária,Suburbio,198,401,401,401,0.4938,1100205,60,3.3,"-63.813673624988,-8.7575989740981,0 -63.81198919772619,-8.757196642745869,0 -63.812160859103,-8.7565207260741,0 -63.812681207652,-8.756182767738199,0 -63.8132176494549,-8.75602183519732,0 -63.81375409125781,-8.756155945648031,0 -63.81394184588971,-8.75638125120533,0 -63.813673624988,-8.7575989740981,0",ATIVAS,Sem restrição de Venda,RO-148 (ETCN) Secundária
RO-33 (EJIP),223,RO,JI PARANA,JIP,EJIP,PRATA,Sem Restrição de Vendas,33 (EJIP) Secundária,Reino Oi,40,331,331,331,0.1208,1100122,83,0.481927711,"-61.968566931461,-10.8713740561667,0 -61.9681833755718,-10.8708798591558,0 -61.9677837264286,-10.8703739274804,0 -61.96740687606191,-10.8698907945816,0 -61.96767107364959,-10.8697110865777,0 -61.9668114256603,-10.8685711477462,0 -61.9670394134266,-10.8684155796232,0 -61.96764861014881,-10.8680075485774,0 -61.9682631712889,-10.867587447591,0 -61.9687346533423,-10.8672876269148,0 -61.9689861942564,-10.8671594676154,0 -61.969242512855,-10.8669997085412,0 -61.9694130007654,-10.8669177335284,0 -61.9696639549461,-10.8667955253805,0 -61.9701507758819,-10.8675720248903,0 -61.9712746214592,-10.8668210063662,0 -61.97265059468391,-10.8669953499522,0 -61.97336272117751,-10.8677128408638,0 -61.9734056365218,-10.8677651439395,0 -61.9726502594081,-10.8683068663414,0 -61.9723054279117,-10.8685535876612,0 -61.9719592553108,-10.86880299119,0 -61.97113514659119,-10.8693955917439,0 -61.9702775102589,-10.8700565886277,0 -61.96996570346119,-10.8704010848478,0 -61.9692589413863,-10.8708929349253,0 -61.968566931461,-10.8713740561667,0",ATIVAS,Sem restrição de Venda,RO-33 (EJIP) Secundária
RO-213 (ETCN),223,RO,PORTO VELHO,PVO,ETCN,BRONZE,Sem Restrição de Vendas,213 (ETCN) Secundária,Suburbio,82,272,272,272,0.3015,1100205,41,2,"-63.819215893789,-8.760104924441579,0 -63.81920516495271,-8.760784864426819,0 -63.8182274997672,-8.760743290187101,0 -63.8182771206337,-8.76005396247025,0 -63.819215893789,-8.760104924441579,0",ATIVAS,Sem restrição de Venda,RO-213 (ETCN) Secundária
RO-221 (ETCN),222,RO,PORTO VELHO,PVO,ETCN,BRONZE,Sem Restrição de Vendas,221 (ETCN) Secundária,IBGE 8,224,448,448,448,0.5,1100205,112,2,"-63.8136650623562,-8.757601752878889,0 -63.8133536923299,-8.758964945205809,0 -63.8114582748891,-8.75852644443675,0 -63.8117915393595,-8.75715114176433,0 -63.8136650623562,-8.757601752878889,0",ATIVAS,Sem restrição de Venda,RO-221 (ETCN) Secundária
RO-223 (ETCN),222,RO,PORTO VELHO,PVO,ETCN,BRONZE,Sem Restrição de Vendas,223 (ETCN) Secundária,IBGE 8,238,416,416,400,0.5721,1100205,104,2.288461538,"-63.814770992396,-8.760835476211749,0 -63.81461121142701,-8.76150034368133,0 -63.8144512847139,-8.761463463307329,0 -63.81364092231501,-8.76127403229563,0 -63.8128080964156,-8.7610792368659,0 -63.8112349702108,-8.760708760102141,0 -63.8112632700145,-8.76059189353907,0 -63.8113905489514,-8.7600459158429,0 -63.8119799643821,-8.76017533242784,0 -63.8128805160586,-8.760379850865201,0 -63.814770992396,-8.760835476211749,0",ATIVAS,Sem restrição de Venda,RO-223 (ETCN) Secundária
RO-227 (ETCN),222,RO,PORTO VELHO,PVO,ETCN,BRONZE,Sem Restrição de Vendas,227 (ETCN) Secundária,IBGE 8,121,224,224,224,0.5402,1100205,56,2.160714286,"-63.812496960168,-8.76245990395501,0 -63.8127472437967,-8.76251388341144,0 -63.8130270317245,-8.762574568390409,0 -63.81355978549,-8.76269325613932,0 -63.814633339648,-8.762927949428139,0 -63.8144844770475,-8.76359581947281,0 -63.812352120881,-8.763075470924001,0 -63.812496960168,-8.76245990395501,0",ATIVAS,Sem restrição de Venda,RO-227 (ETCN) Secundária
RO-157 (ETCN),221,RO,PORTO VELHO,PVO,ETCN,BRONZE,Sem Restrição de Vendas,157 (ETCN) Secundária,IBGE 8,152,320,320,320,0.475,1100205,80,1.9,"-63.8146057413035,-8.761502059077889,0 -63.81445419650051,-8.762180657957691,0 -63.8111979947522,-8.761441709374781,0 -63.8113803849656,-8.76074701723986,0 -63.812462656301,-8.7610031682011,0 -63.8146057413035,-8.761502059077889,0",ATIVAS,Sem restrição de Venda,RO-157 (ETCN) Secundária
RO-228 (ETCN),221,RO,PORTO VELHO,PVO,ETCN,BRONZE,Sem Restrição de Vendas,228 (ETCN) Secundária,IBGE 8,205,354,354,354,0.5791,1100205,89,2.303370787,"-63.812395203874,-8.763089049610199,0 -63.81202774123899,-8.7645669467774,0 -63.8101528771378,-8.76414047554398,0 -63.8105578906987,-8.76268135383989,0 -63.812395203874,-8.763089049610199,0",ATIVAS,Sem restrição de Venda,RO-228 (ETCN) Secundária
RO-229 (ETCN),221,RO,PORTO VELHO,PVO,ETCN,BRONZE,Sem Restrição de Vendas,229 (ETCN) Secundária,IBGE 8,189,353,353,353,0.5354,1100205,88,2.147727273,"-63.8144837614251,-8.76360313121787,0 -63.8143858607955,-8.763941089553841,0 -63.814312100047,-8.764279047889801,0 -63.8137582238855,-8.764975081129149,0 -63.812037586803,-8.764572749776899,0 -63.812409072751,-8.7630975348186,0 -63.8144837614251,-8.76360313121787,0",ATIVAS,Sem restrição de Venda,RO-229 (ETCN) Secundária
RO-225 (ETCN),221,RO,PORTO VELHO,PVO,ETCN,BRONZE,Sem Restrição de Vendas,225 (ETCN) Secundária,IBGE 8,147,288,288,288,0.5104,1100205,72,2.041666667,"-63.814522698607,-8.76220559701,0 -63.8143859059467,-8.762866761532161,0 -63.8124359399929,-8.762440290298761,0 -63.8125861436977,-8.76176705583603,0 -63.814522698607,-8.76220559701,0",ATIVAS,Sem restrição de Venda,RO-225 (ETCN) Secundária
RO-226 (ETCN),221,RO,PORTO VELHO,PVO,ETCN,BRONZE,Sem Restrição de Vendas,226 (ETCN) Secundária,IBGE 8,156,288,288,288,0.5417,1100205,72,2.166666667,"-63.8124932721398,-8.76246158033906,0 -63.8123477623005,-8.76307312399449,0 -63.81069853903271,-8.762697279456271,0 -63.8108621537826,-8.762062937024281,0 -63.8124932721398,-8.76246158033906,0",ATIVAS,Sem restrição de Venda,RO-226 (ETCN) Secundária
RO-143 (EDPO),216,RO,PORTO VELHO,PVO,EDPO,BRONZE,Sem Restrição de Vendas,143 (EDPO) Secundária,Suburbio,94,311,311,311,0.3023,1100205,70,1.342857143,"-63.89454774564589,-8.782248571505679,0 -63.8945630845287,-8.782069534053941,0 -63.8946079277107,-8.781482800831929,0 -63.8946339954296,-8.78102213143362,0 -63.8948250190028,-8.781026825299399,0 -63.89542709110771,-8.781041242172851,0 -63.8954354311014,-8.78090830518855,0 -63.89545449993109,-8.78063857554449,0 -63.89548324985899,-8.780186288049361,0 -63.89550730592109,-8.77984933554186,0 -63.8959334418785,-8.77986140548242,0 -63.8968316466225,-8.77989225088608,0 -63.8973399252327,-8.77990834413996,0 -63.89765961101971,-8.77992376684179,0 -63.8977492973835,-8.77944968639841,0 -63.8977722764247,-8.779328687312869,0 -63.8977959260181,-8.779207688227331,0 -63.8978145464697,-8.77911116429906,0 -63.8978318258167,-8.779009275952751,0 -63.8979142273228,-8.779009936435621,0 -63.89799029708441,-8.77900922655966,0 -63.898010711009,-8.77890391053212,0 -63.8982512057462,-8.778956159939691,0 -63.89820694929701,-8.77917140721312,0 -63.89877490705601,-8.779334351410769,0 -63.8994883746551,-8.780377730717721,0 -63.8997914642751,-8.78232233225348,0 -63.89877356595381,-8.782145306458521,0 -63.8978200406489,-8.78197096287257,0 -63.8977053762141,-8.78248594700336,0 -63.8976158574886,-8.78287620841499,0 -63.8974539191196,-8.78359369932644,0 -63.8973533362815,-8.78405369817245,0 -63.8973325491617,-8.784151598801481,0 -63.89579631394851,-8.783141747107351,0 -63.89454774564589,-8.782248571505679,0",ATIVAS,Sem restrição de Venda,RO-143 (EDPO) Secundária
RO-255 (ETCN),216,RO,PORTO VELHO,PVO,ETCN,BRONZE,Sem Restrição de Vendas,255 (ETCN) Secundária,Suburbio,166,448,448,448,0.3705,1100205,112,1.482142857,"-63.8310759514562,-8.74997388571351,0 -63.8307205587617,-8.751339130102069,0 -63.8295926898708,-8.75104408711042,0 -63.82879473268891,-8.75084158032978,0 -63.827996775507,-8.750633709131121,0 -63.8283266872152,-8.74934893101298,0 -63.8310759514562,-8.74997388571351,0",ATIVAS,Sem restrição de Venda,RO-255 (ETCN) Secundária
RO-68 (EJIP),204,RO,JI PARANA,JIP,EJIP,BRONZE,Sem Restrição de Vendas,68 (EJIP) Secundária,Reino Oi,54,319,319,319,0.1693,1100122,80,0.675,"-61.93411178884969,-10.8969960361871,0 -61.9344691932008,-10.8971361816069,0 -61.9349680840782,-10.8973239362377,0 -61.9349835067799,-10.8974339068076,0 -61.935076713543,-10.898087024703,0 -61.935098171215,-10.900908708586,0 -61.938005685787,-10.900855064406,0 -61.93801641462321,-10.9014987945701,0 -61.9380137324145,-10.9021130204342,0 -61.93419158456861,-10.9020969271804,0 -61.9321826100166,-10.9020580351498,0 -61.93216517565809,-10.9024865180399,0 -61.9312357902345,-10.9024590253976,0 -61.9311588443634,-10.9039035625902,0 -61.929751522821,-10.9038943424967,0 -61.92979343233699,-10.9033475071337,0 -61.9304217397989,-10.9031926095629,0 -61.930490136129,-10.901176929488,0 -61.9306188821599,-10.897950232043,0 -61.93160995839141,-10.8980132639555,0 -61.9316729903029,-10.8970570564419,0 -61.9324159622,-10.8970905840544,0 -61.93328365681639,-10.8971221000112,0 -61.9333500414897,-10.8970684558308,0 -61.9334338605216,-10.8970000595008,0 -61.9336202740481,-10.8968646079452,0 -61.9337335973791,-10.8967828005702,0 -61.9337778538277,-10.8968163281833,0 -61.9338026642609,-10.8968304097809,0 -61.93385630844119,-10.8968599140792,0 -61.93411178884969,-10.8969960361871,0",ATIVAS,Sem restrição de Venda,RO-68 (EJIP) Secundária
RO-71 (EJIP),201,RO,JI PARANA,JIP,EJIP,BRONZE,Sem Restrição de Vendas,71 (EJIP) Secundária,Reino Oi,62,366,366,366,0.1694,1100122,92,0.673913043,"-61.91942870621,-10.912820398889,0 -61.9147858024059,-10.912933051668,0 -61.91475629810671,-10.9106317163333,0 -61.91463358704429,-10.908270701848,0 -61.91541276876301,-10.908231139265,0 -61.9154291972932,-10.9086770565137,0 -61.91610679034561,-10.9086441994532,0 -61.9165664539156,-10.9086317942365,0 -61.91718168560829,-10.9086193890198,0 -61.9178904593405,-10.9086187184675,0 -61.9181345403609,-10.9086039663177,0 -61.91836521033609,-10.9085771442274,0 -61.9185972214159,-10.9085637331821,0 -61.9188681245261,-10.9085476399279,0 -61.9189170748406,-10.9089050442793,0 -61.9183303416186,-10.908940583549,0 -61.9183682278209,-10.9094746784192,0 -61.9189908355885,-10.9094374627692,0 -61.919026374858,-10.909682214342,0 -61.9190257043058,-10.9103064984903,0 -61.9190518558438,-10.9109622985945,0 -61.9191336632189,-10.9121699632026,0 -61.91942870621,-10.912820398889,0",ATIVAS,Sem restrição de Venda,RO-71 (EJIP) Secundária
RO-97 (EJIP),195,RO,JI PARANA,JIP,EJIP,BRONZE,Sem Restrição de Vendas,97 (EJIP) Secundária,Reino Oi,66,370,370,347,0.1784,1100122,93,0.709677419,"-61.9135868549178,-10.874982476262,0 -61.91327840088159,-10.8777666092197,0 -61.9125153124169,-10.8776915073671,0 -61.9125106185512,-10.8774018287935,0 -61.9102632626728,-10.8771818876542,0 -61.9099900126294,-10.8771577477731,0 -61.9078254699545,-10.8769874275006,0 -61.90713614223769,-10.8769056201256,0 -61.90729305146449,-10.8752775192535,0 -61.90736547110771,-10.8742716908729,0 -61.9123879074882,-10.8748644590652,0 -61.9124469160865,-10.8745278418339,0 -61.9133239984344,-10.8745908737458,0 -61.9132784008811,-10.8749516308583,0 -61.9135868549178,-10.874982476262,0",ATIVAS,Sem restrição de Venda,RO-97 (EJIP) Secundária
RO-103 (EJIP),192,RO,JI PARANA,JIP,EJIP,BRONZE,Sem Restrição de Vendas,103 (EJIP) Secundária,Classe D+E,69,341,341,341,0.2023,1100122,51,1.352941176,"-61.9051244854578,-10.8659715951124,0 -61.9052076339371,-10.8633698523678,0 -61.9059479236254,-10.8628763259091,0 -61.90790057178781,-10.8624579013029,0 -61.9096896052009,-10.8634074032936,0 -61.9106055795794,-10.8634704352057,0 -61.910633742774,-10.8641584218182,0 -61.91064782437131,-10.8646050096192,0 -61.91066425290159,-10.8648936823643,0 -61.9106176495199,-10.8651910722889,0 -61.910535842145,-10.8656869456805,0 -61.910445988143,-10.8661975712217,0 -61.9103970378284,-10.8665646985806,0 -61.91033199425991,-10.8671329916156,0 -61.9084376841429,-10.8669063449538,0 -61.90655410286201,-10.8666998148597,0 -61.9055348634368,-10.8665777743496,0 -61.9054087996132,-10.8665509522596,0 -61.9053819775232,-10.8661727607885,0 -61.9051244854578,-10.8659715951124,0",ATIVAS,Sem restrição de Venda,RO-103 (EJIP) Secundária
RO-102 (EJIP),191,RO,JI PARANA,JIP,EJIP,PRATA,Sem Restrição de Vendas,102 (EJIP) Secundária,Reino Oi,39,311,311,311,0.1254,1100122,47,0.829787234,"-61.9106659293193,-10.8647283911939,0 -61.9129833579081,-10.864937603497,0 -61.9129055738469,-10.8662277460324,0 -61.91284120083039,-10.8675849437941,0 -61.91541612148441,-10.867788791679,0 -61.915324926378,-10.870578289055,0 -61.9112090766448,-10.8700928092233,0 -61.9111547619123,-10.8705796301595,0 -61.91061262041529,-10.8705320209495,0 -61.9106466509422,-10.8700535819165,0 -61.9106586161089,-10.8698700601466,0 -61.9106678990668,-10.869750911393,0 -61.9106743950416,-10.8696467243365,0 -61.9106815615689,-10.8695525955639,0 -61.90979668012199,-10.8694418837197,0 -61.90985459514379,-10.8691005019003,0 -61.9099270318129,-10.8688041728104,0 -61.9101469899778,-10.8685547823783,0 -61.9102506584039,-10.8678609808206,0 -61.9104418391378,-10.8662818093085,0 -61.9106699526328,-10.8648893237348,0 -61.9106659293193,-10.8647283911939,0",ATIVAS,Sem restrição de Venda,RO-102 (EJIP) Secundária
RO-93 (EJIP),191,RO,JI PARANA,JIP,EJIP,BRONZE,Sem Restrição de Vendas,93 (EJIP) Secundária,Reino Oi,48,342,342,342,0.1404,1100122,51,0.941176471,"-61.9040113687583,-10.8798439800681,0 -61.9039758294888,-10.8802647516072,0 -61.9039402902195,-10.8806680887878,0 -61.9038980454275,-10.8808521553815,0 -61.9039174914429,-10.881379544729,0 -61.90324425698021,-10.8813205361304,0 -61.9031423330379,-10.8813098072939,0 -61.90024152398831,-10.8810670673784,0 -61.9000544399096,-10.8810556679899,0 -61.9001852814182,-10.8797627594257,0 -61.90026008990399,-10.8789915824244,0 -61.9003373081873,-10.8780451607827,0 -61.90046012402381,-10.877085328096,0 -61.9007766246875,-10.8771041035587,0 -61.9013680517752,-10.8771282434398,0 -61.9019594788629,-10.877157747739,0 -61.903263032444,-10.87740182876,0 -61.9039362669066,-10.8774460852088,0 -61.90432518721349,-10.8774742484034,0 -61.9042366743159,-10.8781387656868,0 -61.90418034792651,-10.8784710243286,0 -61.9041347503732,-10.8788032829703,0 -61.9040650129387,-10.8793698996246,0 -61.9040113687583,-10.8798439800681,0",ATIVAS,Sem restrição de Venda,RO-93 (EJIP) Secundária
RO-170 (EJIP),188,RO,JI PARANA,JIP,EJIP,BRONZE,Sem Restrição de Vendas,170 (EJIP) Secundária,Classe D+E,59,332,332,332,0.1777,1100122,50,1.18,"-61.9093945622116,-10.8713091910251,0 -61.9095501303348,-10.8699144423373,0 -61.90685182806619,-10.8696301281817,0 -61.9062490015906,-10.8696274459726,0 -61.90624967214319,-10.8696254343159,0 -61.9062510132479,-10.869625434316,0 -61.9063864648024,-10.8685726672773,0 -61.90649643537199,-10.8682709187632,0 -61.9070174544731,-10.8680254966383,0 -61.90718978640231,-10.8673341572648,0 -61.9073238968534,-10.8672067523367,0 -61.9073802232431,-10.8667950332531,0 -61.90781339999749,-10.8668433130152,0 -61.9086817651662,-10.8669438958531,0 -61.909550130335,-10.8670498431091,0 -61.9103312398916,-10.8671412058537,0 -61.9102647713994,-10.8677073195939,0 -61.91014256325121,-10.8685498685007,0 -61.9099196046268,-10.8688053489094,0 -61.9098468497073,-10.8691024035578,0 -61.90978750583281,-10.8694477379685,0 -61.9106739759122,-10.8695577085381,0 -61.91060625013461,-10.8705360442763,0 -61.9106226786648,-10.870537720657,0 -61.9106168113325,-10.870627742297,0 -61.91043525930981,-10.8706124872332,0 -61.9103641807708,-10.8713668585188,0 -61.9093945622116,-10.8713091910251,0",ATIVAS,Sem restrição de Venda,RO-170 (EJIP) Secundária
RO-158 (EJIP),186,RO,JI PARANA,JIP,EJIP,BRONZE,Sem Restrição de Vendas,158 (EJIP) Secundária,Reino Oi,59,321,321,321,0.1838,1100122,80,0.7375,"-61.9315304817167,-10.8803881300375,0 -61.9314391210384,-10.8804495714474,0 -61.9312965497893,-10.8805617252604,0 -61.930264812273,-10.8791597400051,0 -61.9297026410861,-10.8796502309082,0 -61.9296018098497,-10.879711568369,0 -61.9293256262694,-10.879878276773,0 -61.9285022720501,-10.8803802613039,0 -61.92857745785091,-10.8804745500646,0 -61.9280545110413,-10.8807512290383,0 -61.9275393387992,-10.8799812982796,0 -61.9284832882612,-10.8791872276398,0 -61.9289254765263,-10.8788516779701,0 -61.92795126731001,-10.8773448107337,0 -61.9285756546666,-10.8770932173163,0 -61.9279790695776,-10.8762252500555,0 -61.92828047106159,-10.8759689222959,0 -61.9277259798694,-10.8750870056231,0 -61.9288875914348,-10.8743404761783,0 -61.92840741277589,-10.8736626964591,0 -61.9304940636043,-10.8723081980966,0 -61.9344393512982,-10.8779559890394,0 -61.9333127535473,-10.8786597072049,0 -61.93247586935239,-10.8791845687692,0 -61.9322263889316,-10.8793634253705,0 -61.932474587198,-10.879696930176,0 -61.9315304817167,-10.8803881300375,0",ATIVAS,Sem restrição de Venda,RO-158 (EJIP) Secundária
RO-147 (EJIP),186,RO,JI PARANA,JIP,EJIP,BRONZE,Sem Restrição de Vendas,147 (EJIP) Secundária,Reino Oi,48,273,273,273,0.1758,1100122,68,0.705882353,"-61.9289086385864,-10.8788494672255,0 -61.9284607096817,-10.8791901077707,0 -61.92751925431819,-10.8799759950123,0 -61.9278384371909,-10.8804453815901,0 -61.9274749978692,-10.8806760515656,0 -61.9269291683346,-10.8810247387377,0 -61.926501355996,-10.8812983240566,0 -61.926014535059,-10.881295641847,0 -61.92613791667391,-10.879855295606,0 -61.92140649997191,-10.8792920317131,0 -61.9215191527504,-10.8783572818715,0 -61.92152719937741,-10.8779220934588,0 -61.9215781613486,-10.8776535372812,0 -61.92164253436489,-10.8772320951898,0 -61.9244977458615,-10.8774614240608,0 -61.926752142538,-10.8776424731691,0 -61.9271517916816,-10.8776719774688,0 -61.9279403611319,-10.8773501123866,0 -61.9289086385864,-10.8788494672255,0",ATIVAS,Sem restrição de Venda,RO-147 (EJIP) Secundária
RO-119 (EJIP),186,RO,JI PARANA,JIP,EJIP,PRATA,Sem Restrição de Vendas,119 (EJIP) Secundária,Reino Oi,45,314,314,314,0.1433,1100122,47,0.957446809,"-61.9278427957728,-10.8750039338451,0 -61.92563584066781,-10.8747756108027,0 -61.925623351632,-10.8748968131226,0 -61.92533078130181,-10.8748675602805,0 -61.9253434170209,-10.8747510099169,0 -61.9234127923086,-10.8745392411333,0 -61.923985024838,-10.8690881542248,0 -61.9286771304144,-10.8697042241078,0 -61.9304884596899,-10.8722995966061,0 -61.92944457746901,-10.8729805424199,0 -61.92839801303911,-10.8736614882337,0 -61.9288767873482,-10.8743414282187,0 -61.9278427957728,-10.8750039338451,0",ATIVAS,Sem restrição de Venda,RO-119 (EJIP) Secundária
RO-171 (EJIP),185,RO,JI PARANA,JIP,EJIP,BRONZE,Sem Restrição de Vendas,171 (EJIP) Secundária,Reino Oi,44,367,367,367,0.1199,1100122,92,0.47826087,"-61.9079139859395,-10.900616774299,0 -61.9079066097662,-10.9006757829677,0 -61.9079019159004,-10.9007260743866,0 -61.90789453982569,-10.9007931296119,0 -61.9073280908094,-10.9007418323643,0 -61.9073302701043,-10.900672430206,0 -61.9071052998232,-10.900657007504,0 -61.90708585380811,-10.9008621964933,0 -61.90471545158929,-10.900831351091,0 -61.903840380893,-10.900396833232,0 -61.90386854408649,-10.8998536859068,0 -61.903132277723,-10.899323949626,0 -61.9031483709771,-10.8989028428108,0 -61.9025958359209,-10.8988813851419,0 -61.9026628911443,-10.8969931099989,0 -61.903195309637,-10.897014567675,0 -61.9036526262735,-10.8970393781085,0 -61.90387457908731,-10.8970534596943,0 -61.9042427122765,-10.8970688823938,0 -61.90472819211791,-10.8970936928189,0 -61.9054014265781,-10.8971500192144,0 -61.9059432327994,-10.8971708063344,0 -61.906367021824,-10.8971312437515,0 -61.906623172785,-10.897179523514,0 -61.906888040933,-10.897158736392,0 -61.90725952688221,-10.897143984242,0 -61.90784156624209,-10.897164100807,0 -61.9078335196176,-10.8973049167783,0 -61.9078221202336,-10.8975838665024,0 -61.90781407360719,-10.8977635745067,0 -61.9073165238346,-10.897692495968,0 -61.9071918011225,-10.8985601905752,0 -61.9073661447087,-10.8985166046785,0 -61.90733798151499,-10.898736545816,0 -61.907321217709,-10.898902172223,0 -61.90727360850401,-10.8988766912334,0 -61.9072534919385,-10.8994781765972,0 -61.90784223682359,-10.8995318207725,0 -61.90781005031489,-10.8997859600762,0 -61.9077242196286,-10.8997899833837,0 -61.9077134908038,-10.9000126067243,0 -61.9077014208638,-10.9002318773116,0 -61.9078858227431,-10.9002318773075,0 -61.908091011732,-10.900229195099,0 -61.9080802828965,-10.9004551712086,0 -61.907927396984,-10.9005021098635,0 -61.9079139859395,-10.900616774299,0",ATIVAS,Sem restrição de Venda,RO-171 (EJIP) Secundária
RO-71 (EVHA),185,RO,VILHENA,VHA,EVHA,BRONZE,Sem Restrição de Vendas,71 (EVHA) Secundária,Mercado Novo,42,242,242,242,0.1736,1100304,61,0.68852459,"-60.13832284141499,-12.7243704639514,0 -60.1369307749364,-12.7247057400782,0 -60.1368020289038,-12.7248378388721,0 -60.1362414472197,-12.7249756373603,0 -60.13577608395561,-12.7250881225008,0 -60.1356795244311,-12.7249806665021,0 -60.1355182985236,-12.7247906068478,0 -60.1354791131262,-12.7245241042365,0 -60.1354329288398,-12.7239978045364,0 -60.1350347884393,-12.7240851439676,0 -60.13493588198201,-12.7239701442563,0 -60.13362092901231,-12.724237694605,0 -60.132982563267,-12.721920266016,0 -60.1373196952443,-12.720788373811,0 -60.137424301395,-12.721201434,0 -60.13832284141499,-12.7243704639514,0",ATIVAS,Sem restrição de Venda,RO-71 (EVHA) Secundária
RO-52 (EVHA),184,RO,VILHENA,VHA,EVHA,BRONZE,Sem Restrição de Vendas,52 (EVHA) Secundária,Mercado Novo,61,372,372,372,0.164,1100304,93,0.655913978,"-60.14354549355199,-12.720870003239,0 -60.1448007673709,-12.7205897123964,0 -60.1446740329947,-12.7201049031177,0 -60.1472683996645,-12.7194524557739,0 -60.1473253966061,-12.7197200061236,0 -60.1474333555189,-12.720211520926,0 -60.14754936105881,-12.7205032111563,0 -60.14759328223139,-12.7206262574948,0 -60.1476801187483,-12.7207949013866,0 -60.1477900893179,-12.7213447542344,0 -60.1478631795136,-12.7216444910916,0 -60.1479416341274,-12.721952274576,0 -60.14789352200319,-12.7219695412965,0 -60.1479111239999,-12.7220324055702,0 -60.1479664445609,-12.7220186592489,0 -60.14800868935289,-12.7221681924014,0 -60.1444534213039,-12.7231096477661,0 -60.1444715262148,-12.7232021839773,0 -60.14420028782829,-12.7232699097551,0 -60.144167766044,-12.723187431828,0 -60.14354549355199,-12.720870003239,0",ATIVAS,Sem restrição de Venda,RO-52 (EVHA) Secundária
RO-53 (EVHA),183,RO,VILHENA,VHA,EVHA,BRONZE,Sem Restrição de Vendas,53 (EVHA) Secundária,Classe D+E,68,389,389,389,0.1748,1100304,97,0.701030928,"-60.142990276264,-12.7187912912445,0 -60.14403231446539,-12.7185633034784,0 -60.1447430998552,-12.7184063942512,0 -60.1457864791614,-12.7181046457364,0 -60.146654173778,-12.717853859194,0 -60.1469210535745,-12.7178082616411,0 -60.1473139971951,-12.7177385242061,0 -60.1478061825502,-12.717588320501,0 -60.1483721286524,-12.717467621096,0 -60.1486510783894,-12.7174072713924,0 -60.1488267630799,-12.7173724026755,0 -60.1486711949569,-12.716848030813,0 -60.14983125035559,-12.7165449411944,0 -60.150001570628,-12.7171216161329,0 -60.1504307240707,-12.7186290175989,0 -60.1476734132036,-12.7193478496152,0 -60.1446666568982,-12.7201002092441,0 -60.1447927207212,-12.7205843479715,0 -60.143542811321,-12.720865979918,0 -60.142990276264,-12.7187912912445,0",ATIVAS,Sem restrição de Venda,RO-53 (EVHA) Secundária
RO-82 (EJIP),177,RO,JI PARANA,JIP,EJIP,PRATA,Sem Restrição de Vendas,82 (EJIP) Secundária,Reino Oi,45,292,292,292,0.1541,1100122,66,0.681818182,"-61.902683675316,-10.891445875203,0 -61.902514696148,-10.8930431306715,0 -61.9024409354006,-10.8937270939705,0 -61.9023698568615,-10.8944191038962,0 -61.9023564458162,-10.8944204450005,0 -61.90231889489,-10.894554555451,0 -61.9021981954841,-10.895750820672,0 -61.8993550539284,-10.8954772353526,0 -61.8993993103772,-10.8950386941788,0 -61.8986335397035,-10.894972980058,0 -61.89873211088489,-10.8937458694336,0 -61.8999092653663,-10.8938417584058,0 -61.8999974429877,-10.8927252889033,0 -61.89790531995621,-10.8926984668132,0 -61.89787313344809,-10.8919836581106,0 -61.8973045051366,-10.8916738629698,0 -61.89775142821381,-10.8915464580416,0 -61.8981487304241,-10.8914056420682,0 -61.8994154036315,-10.8911937475559,0 -61.8995843827994,-10.8914961666222,0 -61.9001583755285,-10.8914150297993,0 -61.901549100903,-10.8914981782794,0 -61.9020144641665,-10.8913868666049,0 -61.9024711102514,-10.8914217353219,0 -61.902683675316,-10.891445875203,0",ATIVAS,Sem restrição de Venda,RO-82 (EJIP) Secundária
RO-72 (EJIP),174,RO,JI PARANA,JIP,EJIP,BRONZE,Sem Restrição de Vendas,72 (EJIP) Secundária,Reino Oi,42,314,314,314,0.1338,1100122,79,0.53164557,"-61.9146564284431,-10.9088317260401,0 -61.9147234836687,-10.9102908477445,0 -61.91473823581831,-10.9105778441093,0 -61.914758352386,-10.911926995244,0 -61.9147717634313,-10.91256267878,0 -61.9147757867449,-10.9129019782201,0 -61.9126990864152,-10.9128409579648,0 -61.9126742759819,-10.9131339892995,0 -61.9121230820294,-10.9131098494182,0 -61.9122632274504,-10.9116145178924,0 -61.9088467637177,-10.9113100871691,0 -61.9089689718659,-10.9107018962749,0 -61.90868625027189,-10.9106425524005,0 -61.908948184746,-10.9095545813688,0 -61.9086710790272,-10.9094915494569,0 -61.90871902351329,-10.909322737927,0 -61.9089495258505,-10.9093677487471,0 -61.9089815447207,-10.9092303693541,0 -61.9090425649757,-10.9092441156752,0 -61.9091619232769,-10.9087271198875,0 -61.9097441721807,-10.9088471487409,0 -61.9098168013716,-10.908551435197,0 -61.91078013350311,-10.9086412891991,0 -61.9113683754676,-10.9086734757074,0 -61.9117406996064,-10.9086882278571,0 -61.9119628200403,-10.9087043211114,0 -61.9127530658711,-10.9087539419784,0 -61.9146564284431,-10.9088317260401,0",ATIVAS,Sem restrição de Venda,RO-72 (EJIP) Secundária
RO-90 (EVHA),173,RO,VILHENA,VHA,EVHA,BRONZE,Sem Restrição de Vendas,90 (EVHA) Secundária,Sangria,73,408,408,408,0.1789,1100304,102,0.715686275,"-60.1175146549715,-12.7303888242607,0 -60.1178244501125,-12.7314824949864,0 -60.11813826856709,-12.7325681190851,0 -60.1184406876334,-12.7336597781541,0 -60.11861067262961,-12.7343558113934,0 -60.11872701344559,-12.7347514372231,0 -60.11408545074589,-12.735886011636,0 -60.11403180656529,-12.7356895398259,0 -60.1142443716295,-12.7356382425786,0 -60.11408545074551,-12.73502179551,0 -60.1139245182047,-12.7350634954783,0 -60.11386953291989,-12.7348706278864,0 -60.11373944578271,-12.7349046584133,0 -60.1136750727666,-12.7346495132807,0 -60.1132351904877,-12.7347554605362,0 -60.1131071150073,-12.7342736687421,0 -60.1137421279918,-12.7341043542982,0 -60.1136039942275,-12.7336096543731,0 -60.113417580701,-12.7336554195645,0 -60.11336527762529,-12.7334693413143,0 -60.1160568743718,-12.7327545326116,0 -60.1155311614044,-12.7308233421204,0 -60.1175146549715,-12.7303888242607,0",ATIVAS,Sem restrição de Venda,RO-90 (EVHA) Secundária
RO-309 (ETCN),170,RO,PORTO VELHO,PVO,ETCN,BRONZE,Sem Restrição de Vendas,309 (ETCN) Secundária,Suburbio,105,233,233,217,0.4506,1100205,80,1.3125,"-63.829876333487,-8.767847120760811,0 -63.8250389695291,-8.76784913241751,0 -63.82512480021751,-8.767316043375811,0 -63.8262138608966,-8.76720489933976,0 -63.8261817582074,-8.76679066568502,0 -63.8281912356737,-8.766349107025951,0 -63.8281168043734,-8.765848875044661,0 -63.8290482014538,-8.765413686632,0 -63.8291333615903,-8.765737563370539,0 -63.8291467726353,-8.76582205295453,0 -63.8291834134568,-8.76596351350495,0 -63.82926565183141,-8.76620689799794,0 -63.8293535898999,-8.76618139103719,0 -63.82945762122259,-8.76646702032216,0 -63.82954967832809,-8.766752623632,0 -63.8295758777277,-8.76681178688084,0 -63.8295926893958,-8.766915206578419,0 -63.830170320144,-8.766831127307571,0 -63.830202221883,-8.767130970953801,0 -63.8301485777024,-8.767851814626569,0 -63.8298991322638,-8.767851479350449,0 -63.829876333487,-8.767847120760811,0",ATIVAS,Sem restrição de Venda,RO-309 (ETCN) Secundária
RO-313 (ETCN),168,RO,PORTO VELHO,PVO,ETCN,BRONZE,Sem Restrição de Vendas,313 (ETCN) Secundária,Suburbio,102,257,257,257,0.3969,1100205,89,1.146067416,"-63.85628632332,-8.791365450462591,0 -63.8546493835699,-8.79144418984634,0 -63.8545169495,-8.791015036403881,0 -63.8562000356564,-8.7905255332587,0 -63.85628632332,-8.791365450462591,0",ATIVAS,Sem restrição de Venda,RO-313 (ETCN) Secundária
RO-268 (EDPO),167,RO,PORTO VELHO,PVO,EDPO,BRONZE,Sem Restrição de Vendas,268 (EDPO) Secundária,Suburbio,84,250,250,250,0.336,1100205,56,1.5,"-63.8794493820201,-8.77976157919354,0 -63.87930320163679,-8.779626127637041,0 -63.8787935819295,-8.77906956926642,0 -63.87879760524349,-8.77899714962302,0 -63.8787372555404,-8.778911318934551,0 -63.87854212483781,-8.77853983298596,0 -63.8782102014755,-8.77794840589814,0 -63.8778749253459,-8.77743342176761,0 -63.8805520133315,-8.77641619688761,0 -63.8807956982257,-8.777109379557841,0 -63.8812950615917,-8.77695305670267,0 -63.8817836961216,-8.776786005011431,0 -63.8819052032926,-8.777112479778941,0 -63.8820669435988,-8.777524114682659,0 -63.88116031630529,-8.77782044730821,0 -63.8813990126983,-8.77856162593543,0 -63.8801400508417,-8.77935120121421,0 -63.8794493820201,-8.77976157919354,0",ATIVAS,Sem restrição de Venda,RO-268 (EDPO) Secundária
RO-315 (ETCN),167,RO,PORTO VELHO,PVO,ETCN,BRONZE,Sem Restrição de Vendas,315 (ETCN) Secundária,Suburbio,132,289,289,289,0.4567,1100205,100,1.32,"-63.8547363877285,-8.79208959639198,0 -63.856355100869,-8.791994377971999,0 -63.856402039527,-8.792620673776909,0 -63.85475382208799,-8.79272326827175,0 -63.8547363877285,-8.79208959639198,0",ATIVAS,Sem restrição de Venda,RO-315 (ETCN) Secundária
RO-316 (ETCN),166,RO,PORTO VELHO,PVO,ETCN,BRONZE,Sem Restrição de Vendas,316 (ETCN) Secundária,Suburbio,132,289,289,289,0.4567,1100205,100,1.32,"-63.85475784540899,-8.792725950479481,0 -63.8564033806395,-8.792624026536879,0 -63.8564556837153,-8.79323959350576,0 -63.85617539287299,-8.793254345655381,0 -63.8561733812163,-8.793221488594959,0 -63.8548363000225,-8.793304637074369,0 -63.85483613238449,-8.793351743370209,0 -63.8547850027752,-8.7933532521128,0 -63.85475784540899,-8.792725950479481,0",ATIVAS,Sem restrição de Venda,RO-316 (ETCN) Secundária
RO-324 (ETCN),166,RO,PORTO VELHO,PVO,ETCN,BRONZE,Sem Restrição de Vendas,324 (ETCN) Secundária,Suburbio,112,289,289,289,0.3875,1100205,100,1.12,"-63.8533919304665,-8.795052096247691,0 -63.85342567431639,-8.79557306269716,0 -63.8534013072777,-8.795574712751961,0 -63.8534065581169,-8.79563856969121,0 -63.8534346077328,-8.795638053614111,0 -63.85346119174501,-8.7961924950246,0 -63.85305684873601,-8.79639634290972,0 -63.852345392782,-8.795141069089,0 -63.85300186343251,-8.79476153651286,0 -63.853031386935,-8.7950885196472,0 -63.8533919304665,-8.795052096247691,0",ATIVAS,Sem restrição de Venda,RO-324 (ETCN) Secundária
RO-317 (ETCN),166,RO,PORTO VELHO,PVO,ETCN,BRONZE,Sem Restrição de Vendas,317 (ETCN) Secundária,Suburbio,110,289,289,289,0.3806,1100205,100,1.1,"-63.8548383116795,-8.79330664873115,0 -63.85617204011201,-8.7932235002515,0 -63.856173381217,-8.7932556867597,0 -63.8564550131635,-8.79324227571446,0 -63.8564858585669,-8.793845772742801,0 -63.8561867922615,-8.793845772742801,0 -63.85618679226161,-8.79380956292113,0 -63.8548135012455,-8.793879300355471,0 -63.8547863438795,-8.793355599045491,0 -63.8548384793174,-8.79335392266495,0 -63.8548383116795,-8.79330664873115,0",ATIVAS,Sem restrição de Venda,RO-317 (ETCN) Secundária
RO-319 (ETCN),166,RO,PORTO VELHO,PVO,ETCN,BRONZE,Sem Restrição de Vendas,319 (ETCN) Secundária,Suburbio,90,241,241,225,0.3734,1100205,83,1.084337349,"-63.8547062657987,-8.79454111716629,0 -63.8547250412615,-8.795502689098161,0 -63.85407140097659,-8.79583033997643,0 -63.85400486814199,-8.794563915942989,0 -63.8547062657987,-8.79454111716629,0",ATIVAS,Sem restrição de Venda,RO-319 (ETCN) Secundária
RO-64 (EVHA),166,RO,VILHENA,VHA,EVHA,BRONZE,Sem Restrição de Vendas,64 (EVHA) Secundária,Mercado Novo,52,315,315,315,0.1651,1100304,79,0.658227848,"-60.1431532906946,-12.7194281492952,0 -60.1425967323237,-12.7195823763141,0 -60.1427442538235,-12.720100042657,0 -60.14230397566,-12.72011525178,0 -60.14184744683989,-12.720122736322,0 -60.141599843132,-12.720140614424,0 -60.1414184587534,-12.7201546960297,0 -60.14013032792621,-12.7151657873105,0 -60.14251615284001,-12.7151711517309,0 -60.14287690995769,-12.71641033229,0 -60.1427910792689,-12.7164331310665,0 -60.1429144608885,-12.7168984943355,0 -60.1425765025525,-12.716988348338,0 -60.1426745530235,-12.7174202017895,0 -60.142776626808,-12.717849373032,0 -60.142876874384,-12.718300319445,0 -60.1429399062977,-12.7185779280833,0 -60.142996232689,-12.7188381023629,0 -60.14304786521249,-12.71903055086,0 -60.1430954744225,-12.71921495273,0 -60.1431532906946,-12.7194281492952,0",ATIVAS,Sem restrição de Venda,RO-64 (EVHA) Secundária
RO-189 (EVHA),166,RO,VILHENA,VHA,EVHA,BRONZE,Sem Restrição de Vendas,189 (EVHA) Secundária,Mercado Novo,43,319,319,319,0.1348,1100304,80,0.5375,"-60.1401236653412,-12.7151629328665,0 -60.141410455112,-12.7201551943912,0 -60.140847191219,-12.7202021330485,0 -60.140447542076,-12.720242366183,0 -60.140266492967,-12.7202598005415,0 -60.14045491814961,-12.721047028886,0 -60.139798447492,-12.721191197617,0 -60.13966768980599,-12.720739915953,0 -60.13918623329201,-12.719085663545,0 -60.138830840597,-12.717853188503,0 -60.1380355656234,-12.7151226997304,0 -60.1401236653412,-12.7151629328665,0",ATIVAS,Sem restrição de Venda,RO-189 (EVHA) Secundária
RO-327 (ETCN),165,RO,PORTO VELHO,PVO,ETCN,BRONZE,Sem Restrição de Vendas,327 (ETCN) Secundária,Centro Regional,100,343,343,291,0.2915,1100205,77,1.298701299,"-63.86154333142349,-8.78894001246635,0 -63.86340964598601,-8.790881931793541,0 -63.8646746428154,-8.790142983210499,0 -63.86395111693451,-8.78937184811905,0 -63.8642247022535,-8.789201527846579,0 -63.8651674987107,-8.79014164210529,0 -63.8651889563822,-8.790645897399759,0 -63.8652117551535,-8.79078000785003,0 -63.8652204723309,-8.791140094410141,0 -63.8653177024058,-8.791388869296121,0 -63.86527344595411,-8.79214122892402,0 -63.8653793932046,-8.792803566911809,0 -63.86538878093069,-8.79335056991196,0 -63.86472225199,-8.793301284321339,0 -63.86473465720361,-8.793990276761679,0 -63.8652680815188,-8.7942601740434,0 -63.86518895635099,-8.79439160228479,0 -63.8646578789649,-8.79414349795073,0 -63.86457875379779,-8.79430443049144,0 -63.8638049364935,-8.79390075803383,0 -63.8631623797944,-8.793796990072581,0 -63.863185010931,-8.793650306767081,0 -63.86102214463669,-8.79366606474505,0 -63.86104092010261,-8.79042059183822,0 -63.860753923738,-8.789393305785561,0 -63.86154333142349,-8.78894001246635,0",ATIVAS,Sem restrição de Venda,RO-327 (ETCN) Secundária
RO-73 (EVHA),165,RO,VILHENA,VHA,EVHA,BRONZE,Sem Restrição de Vendas,73 (EVHA) Secundária,Mercado Novo,63,328,328,328,0.1921,1100304,82,0.768292683,"-60.1367333531311,-12.7167025208354,0 -60.13822130858181,-12.7215063571812,0 -60.1378937438056,-12.7215811237575,0 -60.1375554501934,-12.7216558903338,0 -60.1373261213229,-12.7207794785381,0 -60.13397872447211,-12.7216485142588,0 -60.1327690482069,-12.71769762038,0 -60.1367333531311,-12.7167025208354,0",ATIVAS,Sem restrição de Venda,RO-73 (EVHA) Secundária
RO-86 (EVHA),165,RO,VILHENA,VHA,EVHA,BRONZE,Sem Restrição de Vendas,86 (EVHA) Secundária,Tsunami,47,288,288,288,0.1632,1100304,72,0.652777778,"-60.1247572898966,-12.7194558083965,0 -60.1253433525661,-12.7213749289468,0 -60.1251951605181,-12.7214253880038,0 -60.1254492998222,-12.7222577109887,0 -60.124494433413,-12.723072767253,0 -60.1240746677022,-12.7226409316019,0 -60.12393116951991,-12.7227428555447,0 -60.1233974099263,-12.7220883965444,0 -60.1206924021345,-12.720487117763,0 -60.1206561923131,-12.7195000648455,0 -60.1209887862308,-12.7195000648455,0 -60.1209887862308,-12.7193954586937,0 -60.1247572898966,-12.7194558083965,0",ATIVAS,Sem restrição de Venda,RO-86 (EVHA) Secundária
RO-332 (ETCN),162,RO,PORTO VELHO,PVO,ETCN,BRONZE,Sem Restrição de Vendas,332 (ETCN) Secundária,Defesa Oi,96,340,340,340,0.2824,1100205,111,0.864864865,"-63.867590874471,-8.795326352121,0 -63.868054896631,-8.794944137336399,0 -63.870012909212,-8.794170320035599,0 -63.87005515400439,-8.79427157342589,0 -63.87034147981599,-8.7941716611401,0 -63.8707914203799,-8.795193582774591,0 -63.8704836368949,-8.795325011016381,0 -63.8709101081326,-8.79627451300713,0 -63.8701341115372,-8.79660744220098,0 -63.86936884377781,-8.79694037139484,0 -63.8678289205276,-8.797607570887051,0 -63.867531865887,-8.796951770782799,0 -63.867349475675,-8.7965387105946,0 -63.867479562812,-8.7964689731602,0 -63.8674795628123,-8.795755505562431,0 -63.867833614402,-8.795567750931401,0 -63.867590874471,-8.795326352121,0",ATIVAS,Sem restrição de Venda,RO-332 (ETCN) Secundária
RO-40 (EVHA),160,RO,VILHENA,VHA,EVHA,BRONZE,Sem Restrição de Vendas,40 (EVHA) Secundária,Sangria,74,389,389,389,0.1902,1100304,133,0.556390977,"-60.1079270989166,-12.7502301335783,0 -60.1082137180955,-12.7511934238002,0 -60.10831660595689,-12.7511642966867,0 -60.1083507203027,-12.7512723394186,0 -60.1082499698265,-12.7513033524604,0 -60.1082925498944,-12.7514324337693,0 -60.1085882634367,-12.7513459325331,0 -60.1091126352986,-12.7530853450793,0 -60.1089664549071,-12.7531296015279,0 -60.1090522855941,-12.7534353733733,0 -60.1088993996797,-12.7534782887175,0 -60.1095873862905,-12.7557702363264,0 -60.1091314107571,-12.7561430633798,0 -60.10923333470051,-12.7562758327254,0 -60.1085654646507,-12.7567894757737,0 -60.1084501296633,-12.7566513420094,0 -60.1077286154387,-12.7572186292166,0 -60.1070808619608,-12.7550929785724,0 -60.1068126410617,-12.7551707626352,0 -60.1065497845616,-12.7541837097302,0 -60.1067831367459,-12.7541166545055,0 -60.10622791948,-12.752239108195,0 -60.1079270989166,-12.7502301335783,0",ATIVAS,Sem restrição de Venda,RO-40 (EVHA) Secundária
RO-189 (EDPO),158,RO,PORTO VELHO,PVO,EDPO,BRONZE,Sem Restrição de Vendas,189 (EDPO) Secundária,Defesa Oi,61,236,236,236,0.2585,1100205,76,0.802631579,"-63.89070156867601,-8.803851793600479,0 -63.8885450726283,-8.8023510976567,0 -63.8881534701116,-8.802781592203541,0 -63.887721634461,-8.80245570380823,0 -63.8879429167047,-8.802180106831949,0 -63.8881212836041,-8.802311199797551,0 -63.8889292990697,-8.801366726948171,0 -63.8887502616179,-8.80123663981095,0 -63.8890613978633,-8.80079139311446,0 -63.8902898495925,-8.801672498775851,0 -63.8903662925494,-8.80158532698287,0 -63.890759068532,-8.801161035044339,0 -63.8909801831377,-8.800912427796259,0 -63.8920098161234,-8.80161818404331,0 -63.8914834326043,-8.802662233902369,0 -63.891852906896,-8.802937160326399,0 -63.89070156867601,-8.803851793600479,0",ATIVAS,Sem restrição de Venda,RO-189 (EDPO) Secundária
RO-197 (EVHA),158,RO,VILHENA,VHA,EVHA,BRONZE,Sem Restrição de Vendas,197 (EVHA) Secundária,Sangria,48,216,216,216,0.2222,1100304,71,0.676056338,"-60.0946312828904,-12.7315451624239,0 -60.0946330097245,-12.7324692025282,0 -60.0952164014645,-12.7324674540138,0 -60.0952121650622,-12.7342309719545,0 -60.0910569187773,-12.7342097128975,0 -60.0910410792364,-12.7315552551597,0 -60.0946312828904,-12.7315451624239,0",ATIVAS,Sem restrição de Venda,RO-197 (EVHA) Secundária
RO-165 (EDPO),157,RO,PORTO VELHO,PVO,EDPO,BRONZE,Sem Restrição de Vendas,165 (EDPO) Secundária,Defesa Oi,58,215,215,200,0.2698,1100205,76,0.763157895,"-63.886627517632,-8.791902386576909,0 -63.886533640344,-8.792461627155721,0 -63.8874442503046,-8.79265474620474,0 -63.8872276619223,-8.79344130399828,0 -63.8870070502265,-8.794234567314341,0 -63.886878304194,-8.79419969859722,0 -63.8868407532671,-8.794367336660629,0 -63.886965475986,-8.79439415875081,0 -63.88686489314801,-8.794847452074279,0 -63.8856900855972,-8.794655674129659,0 -63.8857008144341,-8.794602029949379,0 -63.884719125927,-8.794359290033629,0 -63.88441603630889,-8.794282847076801,0 -63.883771635592,-8.79412459674491,0 -63.8837169855828,-8.79429759922637,0 -63.88308146968411,-8.79412929061068,0 -63.8831050228319,-8.794023678630721,0 -63.8822340592729,-8.793857716947921,0 -63.8824426010223,-8.792890110045869,0 -63.88342428952041,-8.79310200455806,0 -63.8833257183388,-8.793506347567,0 -63.88392854481371,-8.793639787465249,0 -63.8839739747288,-8.793462594032199,0 -63.8842889666497,-8.793542892664579,0 -63.88424236326789,-8.79377121570697,0 -63.88561230152149,-8.79410716238605,0 -63.88567399232951,-8.79383625927561,0 -63.8858483359157,-8.793873810201839,0 -63.885885216289,-8.793747411102281,0 -63.8860870525168,-8.793792673379659,0 -63.8863123580734,-8.79283613058999,0 -63.88610448687411,-8.79279690328341,0 -63.8862097635778,-8.792314105660729,0 -63.88632308690859,-8.791831308038059,0 -63.886627517632,-8.791902386576909,0",ATIVAS,Sem restrição de Venda,RO-165 (EDPO) Secundária
RO-232 (EDPO),155,RO,PORTO VELHO,PVO,EDPO,BRONZE,Sem Restrição de Vendas,232 (EDPO) Secundária,Defesa Oi,100,340,340,340,0.2941,1100205,114,0.877192982,"-63.878471255311,-8.8032697141151,0 -63.87751303613991,-8.804580643771081,0 -63.8772622653131,-8.80438800668143,0 -63.87692432269329,-8.80412026773937,0 -63.876786196787,-8.804013220358501,0 -63.87666014082129,-8.80391421960466,0 -63.8764308276667,-8.80373767576911,0 -63.8761516579042,-8.80356831941552,0 -63.8759658728863,-8.803459383957289,0 -63.8760687504045,-8.80329821258581,0 -63.8759114220819,-8.803189918396839,0 -63.875740920942,-8.80315066127033,0 -63.87632407002791,-8.80251351493072,0 -63.8765812653014,-8.80218183496226,0 -63.87683980167949,-8.80184613168028,0 -63.8772209659061,-8.802146722847921,0 -63.87740507723021,-8.801914528010171,0 -63.8772300630915,-8.8017837703207,0 -63.87786038221,-8.8010019063928,0 -63.87951530517099,-8.802212253210699,0 -63.87971915305461,-8.80237318575146,0 -63.8793215155678,-8.80287878215084,0 -63.8793805241654,-8.80291633307691,0 -63.8788628578263,-8.80355067550896,0 -63.878471255311,-8.8032697141151,0",ATIVAS,Sem restrição de Venda,RO-232 (EDPO) Secundária
RO-193 (EDPO),153,RO,PORTO VELHO,PVO,EDPO,BRONZE,Sem Restrição de Vendas,193 (EDPO) Secundária,Defesa Oi,110,370,370,370,0.2973,1100205,119,0.924369748,"-63.8817046582381,-8.807455301280619,0 -63.8817690312539,-8.80707979201852,0 -63.88303101059579,-8.8054369389969,0 -63.88307727870151,-8.80546845495282,0 -63.8836519419832,-8.80462288856088,0 -63.8836130499523,-8.804594054813951,0 -63.8841924070994,-8.803830295796949,0 -63.8856448232812,-8.80487769841733,0 -63.8852733373326,-8.805361166592251,0 -63.885356485812,-8.805422019209271,0 -63.8852183520477,-8.80558211355984,0 -63.8852823897879,-8.80563366226434,0 -63.88465307649781,-8.806448131795509,0 -63.8857128843347,-8.807220607991781,0 -63.8853202759901,-8.80777850746685,0 -63.88211369511301,-8.80783081054264,0 -63.8817046582381,-8.807455301280619,0",ATIVAS,Sem restrição de Venda,RO-193 (EDPO) Secundária
RO-179 (EDPO),153,RO,PORTO VELHO,PVO,EDPO,BRONZE,Sem Restrição de Vendas,179 (EDPO) Secundária,Defesa Oi,118,306,306,306,0.3856,1100205,99,1.191919192,"-63.8720845160769,-8.80517288434492,0 -63.8717943764985,-8.80579498919832,0 -63.8716021375494,-8.80569155651318,0 -63.87128075442689,-8.806141245618329,0 -63.8712316155195,-8.806117524832359,0 -63.8706666333362,-8.806992763161549,0 -63.8705999133869,-8.80699678647508,0 -63.87059538715909,-8.80715922775855,0 -63.870711560337,-8.807160736501119,0 -63.8707045195383,-8.80730121719829,0 -63.8695062426609,-8.80723617362967,0 -63.8693339107318,-8.8070893226861,0 -63.8677232442184,-8.80504950273027,0 -63.8702632961552,-8.80413486945616,0 -63.8720845160769,-8.80517288434492,0",ATIVAS,Sem restrição de Venda,RO-179 (EDPO) Secundária
RO-205 (EDPO),152,RO,PORTO VELHO,PVO,EDPO,BRONZE,Sem Restrição de Vendas,205 (EDPO) Secundária,Defesa Oi,65,219,219,219,0.2968,1100205,73,0.890410959,"-63.8749354332681,-8.807459995151079,0 -63.8749287277446,-8.80800448358135,0 -63.8759908825147,-8.80798839032729,0 -63.8765293359745,-8.808117136359989,0 -63.874256834386,-8.81013415753903,0 -63.8741220533828,-8.81001681089462,0 -63.87385047972,-8.810169026256199,0 -63.8731128722412,-8.80927450954972,0 -63.872259929775,-8.80927316844523,0 -63.8722009211772,-8.807461336255709,0 -63.8749354332681,-8.807459995151079,0",ATIVAS,Sem restrição de Venda,RO-205 (EDPO) Secundária
RO-203 (EDPO),151,RO,PORTO VELHO,PVO,EDPO,BRONZE,Sem Restrição de Vendas,203 (EDPO) Secundária,Defesa Oi,69,235,235,235,0.2936,1100205,86,0.802325581,"-63.88173080977571,-8.807273581624759,0 -63.8817006349243,-8.807457983494579,0 -63.88181027021761,-8.80755957216099,0 -63.88170130547611,-8.807693347335579,0 -63.881483375994,-8.80769602954463,0 -63.8808651268166,-8.80817949771961,0 -63.8808543979799,-8.80829550325946,0 -63.8809476047429,-8.80829952657294,0 -63.8798009603898,-8.81008319556787,0 -63.8793637603203,-8.80979955196454,0 -63.8795702904141,-8.809529319406341,0 -63.8792370259436,-8.80925640463904,0 -63.8788460939802,-8.809706345201279,0 -63.8777765631359,-8.809047862888169,0 -63.8778590410624,-8.808917105198679,0 -63.876534029809,-8.808113783598721,0 -63.8760948180836,-8.80800850689481,0 -63.8761028647101,-8.80763836205084,0 -63.8762644678032,-8.80764079280276,0 -63.8762570917285,-8.80743937566954,0 -63.8768565654435,-8.80744792521075,0 -63.8768659531752,-8.807336613536579,0 -63.88002291318559,-8.80739964544849,0 -63.8800876214781,-8.80734231323078,0 -63.8800906389633,-8.807264193893189,0 -63.88173080977571,-8.807273581624759,0",ATIVAS,Sem restrição de Venda,RO-203 (EDPO) Secundária
RO-192 (EDPO),151,RO,PORTO VELHO,PVO,EDPO,BRONZE,Sem Restrição de Vendas,192 (EDPO) Secundária,Defesa Oi,85,299,299,299,0.2843,1100205,95,0.894736842,"-63.888042718172,-8.8036479055881,0 -63.88795420533599,-8.803736418492001,0 -63.887814730467,-8.8038772344653,0 -63.887479454334,-8.8043721020281,0 -63.887302428539,-8.8046202063619,0 -63.887014091067,-8.8049916923101,0 -63.886976540137,-8.8050788641025,0 -63.88682633643249,-8.80538865924367,0 -63.8866493106349,-8.80561530590519,0 -63.8856736571,-8.804895132784059,0 -63.884698003565,-8.80418300628997,0 -63.8853739202281,-8.803284466268749,0 -63.8854423165584,-8.803326040508541,0 -63.8855348527691,-8.803201988341581,0 -63.8854449987667,-8.80313560366843,0 -63.8861235976346,-8.8023349642766,0 -63.8861812651281,-8.80237855017311,0 -63.886276483548,-8.802246451379141,0 -63.8875585794481,-8.80312219262154,0 -63.8879287242924,-8.80262196064027,0 -63.8883914053442,-8.802969306707361,0 -63.88801723718699,-8.8035607337951,0 -63.888042718172,-8.8036479055881,0",ATIVAS,Sem restrição de Venda,RO-192 (EDPO) Secundária
RO-199 (EDPO),151,RO,PORTO VELHO,PVO,EDPO,BRONZE,Sem Restrição de Vendas,199 (EDPO) Secundária,Defesa Oi,134,347,347,347,0.3862,1100205,111,1.207207207,"-63.884852692062,-8.8132945563157,0 -63.8847279692212,-8.8132268305477,0 -63.88357864267,-8.814742278640299,0 -63.883668496672,-8.8148079927611,0 -63.8834914708767,-8.81508828360316,0 -63.88255806214391,-8.81478921729798,0 -63.881482496344,-8.814559888426301,0 -63.880815296852,-8.81477044183417,0 -63.880731477822,-8.8145692761583,0 -63.8806503409998,-8.814400296990399,0 -63.8804478342216,-8.814410355274401,0 -63.880245327443,-8.814272892062601,0 -63.8801246280382,-8.81418639082206,0 -63.87987786480971,-8.814011376684039,0 -63.881835206904,-8.81149211185995,0 -63.8824749975801,-8.811968057275291,0 -63.882385227397,-8.812089280549911,0 -63.8827266223131,-8.812309242643909,0 -63.882837011978,-8.812165681597341,0 -63.88293759481599,-8.8122310604421,0 -63.882999285623,-8.812146570858079,0 -63.88397695081059,-8.812788959916819,0 -63.88407216923099,-8.812638756211999,0 -63.88429747478799,-8.812779572185301,0 -63.8845040048817,-8.812507327970261,0 -63.88510213749949,-8.81294989245731,0 -63.884852692062,-8.8132945563157,0",ATIVAS,Sem restrição de Venda,RO-199 (EDPO) Secundária
RO-198 (EDPO),151,RO,PORTO VELHO,PVO,EDPO,BRONZE,Sem Restrição de Vendas,198 (EDPO) Secundária,Defesa Oi,125,391,391,391,0.3197,1100205,148,0.844594595,"-63.885760158298,-8.8103480637103,0 -63.887318521735,-8.811435699465809,0 -63.8866600394211,-8.81237447262107,0 -63.88619065284369,-8.81203785538964,0 -63.8853605091532,-8.81312683224988,0 -63.884503543374,-8.812497854236,0 -63.8842970132806,-8.812770098451001,0 -63.884067684409,-8.812630623582249,0 -63.883976489303,-8.812782168391511,0 -63.8834849745008,-8.812460303309811,0 -63.8829961419075,-8.812135756019099,0 -63.8829344511004,-8.812221586707629,0 -63.8822250068153,-8.81177634001104,0 -63.8832871615846,-8.810582756999221,0 -63.88387590646191,-8.8092778623135,0 -63.884105235333,-8.809033781293071,0 -63.884337246413,-8.809200078251999,0 -63.884282261128,-8.8092805445224,0 -63.88564750551599,-8.8104982674153,0 -63.885760158298,-8.8103480637103,0",ATIVAS,Sem restrição de Venda,RO-198 (EDPO) Secundária
RO-191 (EDPO),149,RO,PORTO VELHO,PVO,EDPO,BRONZE,Sem Restrição de Vendas,191 (EDPO) Secundária,Defesa Oi,102,300,300,298,0.34,1100205,109,0.935779817,"-63.88832569121869,-8.803383708000769,0 -63.8902971147801,-8.804939389228039,0 -63.890479504993,-8.805258572100801,0 -63.8916918634771,-8.805867433546871,0 -63.8918206095099,-8.80571722984201,0 -63.89206469053099,-8.8059371709811,0 -63.89111787076,-8.8071897625898,0 -63.8903896510124,-8.808064162728661,0 -63.8894730060839,-8.807449266312121,0 -63.8891558348702,-8.8073278963543,0 -63.888624757491,-8.807016760108841,0 -63.8883525132819,-8.807350695131641,0 -63.88781070706091,-8.80695506930198,0 -63.8880386948275,-8.80661442875704,0 -63.8874164223461,-8.80628250539171,0 -63.8874968886166,-8.806185275314929,0 -63.8866586983019,-8.805613964794659,0 -63.8868303596785,-8.805395364759979,0 -63.88702347873501,-8.8049903511995,0 -63.88740569352599,-8.804496824741911,0 -63.887821435924,-8.8038825988776,0 -63.88799577951,-8.8037028908736,0 -63.88832569121869,-8.803383708000769,0",ATIVAS,Sem restrição de Venda,RO-191 (EDPO) Secundária
RO-188 (EDPO),147,RO,PORTO VELHO,PVO,EDPO,BRONZE,Sem Restrição de Vendas,188 (EDPO) Secundária,Defesa Oi,58,191,191,191,0.3037,1100205,71,0.816901408,"-63.8887788792137,-8.799554129416579,0 -63.8892931928045,-8.7998800178122,0 -63.889364271344,-8.7997707177948,0 -63.889672725381,-8.799894099409499,0 -63.8895024051085,-8.80042852955577,0 -63.8893817057025,-8.800411765749439,0 -63.8893186737891,-8.800644112105269,0 -63.8892368664125,-8.800912668282811,0 -63.8890598406175,-8.800786604459111,0 -63.8887460221625,-8.801239227230321,0 -63.888924389058,-8.801366632158601,0 -63.88852205770601,-8.801837359840709,0 -63.8881203969063,-8.80230741697058,0 -63.88794203000671,-8.80217464762438,0 -63.8877153833453,-8.802454938466431,0 -63.88792794840949,-8.80261587100736,0 -63.8875564624609,-8.80311275022731,0 -63.8863306929381,-8.802273218805439,0 -63.888425498176,-8.79945019381724,0 -63.888704447913,-8.79966678219518,0 -63.8887788792137,-8.799554129416579,0",ATIVAS,Sem restrição de Venda,RO-188 (EDPO) Secundária
RO-327 (EDPO),146,RO,PORTO VELHO,PVO,EDPO,BRONZE,Sem Restrição de Vendas,327 (EDPO) Secundária,Comunidade,91,260,260,260,0.35,1100205,102,0.892156863,"-63.8913244008869,-8.81403476000184,0 -63.8909274339528,-8.81679743528718,0 -63.8896667957157,-8.81688594818467,0 -63.8895809650273,-8.81711930036896,0 -63.8886502384993,-8.81686717272154,0 -63.8879314064834,-8.81793603301397,0 -63.8868504762505,-8.818248510364199,0 -63.88633280991019,-8.81805002689709,0 -63.8870033621647,-8.816360235217751,0 -63.8881701230859,-8.814399540427861,0 -63.8886609673358,-8.81373435259213,0 -63.8895756006101,-8.814394176009809,0 -63.8901790976376,-8.813734352592141,0 -63.8913244008869,-8.81403476000184,0",ATIVAS,Sem restrição de Venda,RO-327 (EDPO) Secundária
RO-326 (EDPO),144,RO,PORTO VELHO,PVO,EDPO,BRONZE,Sem Restrição de Vendas,326 (EDPO) Secundária,Defesa Oi,67,202,202,202,0.3317,1100205,77,0.87012987,"-63.88580441475181,-8.812549486756479,0 -63.8861919939538,-8.81280094385156,0 -63.8860659301304,-8.812980651855661,0 -63.88814732432691,-8.81442636251464,0 -63.88699263334399,-8.816365599632601,0 -63.886348903181,-8.8179856538775,0 -63.88583257794541,-8.81779119372394,0 -63.8862174749388,-8.8168269395831,0 -63.88504534959971,-8.816352188587461,0 -63.8852505385885,-8.81592839956307,0 -63.8834950327869,-8.815091550350489,0 -63.8836760818955,-8.814807236194831,0 -63.8835835456849,-8.81474152207401,0 -63.88472951948529,-8.813230097294079,0 -63.88485290110021,-8.81329715251954,0 -63.8851083815092,-8.812945783138581,0 -63.8853611797084,-8.81312951445611,0 -63.88580441475181,-8.812549486756479,0",ATIVAS,Sem restrição de Venda,RO-326 (EDPO) Secundária
RO-186 (EDPO),142,RO,PORTO VELHO,PVO,EDPO,BRONZE,Sem Restrição de Vendas,186 (EDPO) Secundária,Defesa Oi,66,250,250,247,0.264,1100205,70,0.942857143,"-63.8650977611616,-8.809810280792201,0 -63.86509239674331,-8.810302466146441,0 -63.8652841746877,-8.810375556342111,0 -63.8652754575084,-8.810677640132409,0 -63.864539861686,-8.8105264305992,0 -63.8645331561639,-8.811292201272961,0 -63.8641086965875,-8.81130225955677,0 -63.8641083613115,-8.811124898485669,0 -63.8605192303735,-8.811202347270971,0 -63.85937392712259,-8.80987197159955,0 -63.85935783386691,-8.809499144546439,0 -63.862050771719,-8.80940258502198,0 -63.8620534539279,-8.809491097919411,0 -63.864494264133,-8.809450864784401,0 -63.8650977611616,-8.809810280792201,0",ATIVAS,Sem restrição de Venda,RO-186 (EDPO) Secundária
RO-325 (EDPO),142,RO,PORTO VELHO,PVO,EDPO,BRONZE,Sem Restrição de Vendas,325 (EDPO) Secundária,Comunidade,89,312,312,312,0.2853,1100205,118,0.754237288,"-63.8883826882162,-8.809945061800571,0 -63.8903702050965,-8.811337128279339,0 -63.8900081068795,-8.811916485426551,0 -63.89040172105239,-8.812228962776789,0 -63.8903420419018,-8.812486454842221,0 -63.8897841424268,-8.812116309998171,0 -63.889304027013,-8.812848553059251,0 -63.89034204190149,-8.81354056298502,0 -63.88957493012409,-8.814388141033771,0 -63.8886589557453,-8.813729658720559,0 -63.8881479949279,-8.81442032754193,0 -63.8860719651499,-8.81297998130098,0 -63.88619802897411,-8.812800273296901,0 -63.8858077675621,-8.81254814564949,0 -63.8861913234513,-8.812043890354699,0 -63.8866593689251,-8.81238050758609,0 -63.8876678795131,-8.810944184658601,0 -63.88787172739899,-8.811072930691349,0 -63.8884014636794,-8.81029106676352,0 -63.8882096857347,-8.81015829741728,0 -63.8883826882162,-8.809945061800571,0",ATIVAS,Sem restrição de Venda,RO-325 (EDPO) Secundária
RO-360 (ETCN),89,RO,PORTO VELHO,PVO,ETCN,BRONZE,Sem Restrição de Vendas,360 (ETCN) Secundária,Defesa Oi,48,173,173,170,0.2775,1100205,34,1.411764706,"-63.819520995023,-8.781368806958961,0 -63.8210444897433,-8.784399703145789,0 -63.8204678148051,-8.78466792404722,0 -63.820392712953,-8.7845016270883,0 -63.819888457658,-8.7847644835718,0 -63.819807991387,-8.7845713645227,0 -63.81954513490399,-8.7847215682275,0 -63.819448575379,-8.7845391780145,0 -63.818879947068,-8.7848395854242,0 -63.81765417754801,-8.78276221454214,0 -63.817968058867,-8.78258191980493,0 -63.8177964603543,-8.78230640664769,0 -63.8180862646565,-8.782141618431339,0 -63.81854785606421,-8.782799094916101,0 -63.8187656179087,-8.782684430480719,0 -63.8186700642128,-8.782548978925471,0 -63.8188973814273,-8.7824255973108,0 -63.81852455437419,-8.78183014690946,0 -63.8187391310954,-8.781696036458721,0 -63.81892018020331,-8.78194414079265,0 -63.81918706000081,-8.78179796040129,0 -63.8192460685986,-8.781914636493489,0 -63.819524347784,-8.781793937087819,0 -63.8193506747503,-8.78143854439335,0 -63.819520995023,-8.781368806958961,0",ATIVAS,Sem restrição de Venda,RO-360 (ETCN) Secundária
RO-352 (ETCN),89,RO,PORTO VELHO,PVO,ETCN,BRONZE,Sem Restrição de Vendas,352 (ETCN) Secundária,Defesa Oi,49,188,188,188,0.2606,1100205,37,1.324324324,"-63.82939688861559,-8.778028115630249,0 -63.8284822553386,-8.78197096288214,0 -63.825070485471,-8.78116898238661,0 -63.8255371898437,-8.779253885150069,0 -63.826768323781,-8.779558315873251,0 -63.8270231336379,-8.77962000668057,0 -63.8271280750657,-8.77919353544722,0 -63.8272759318377,-8.77849481999885,0 -63.8274402171399,-8.778494819998841,0 -63.827641382816,-8.77774782478817,0 -63.8278130441929,-8.77768613398081,0 -63.8283672556305,-8.77780247479684,0 -63.8282774854475,-8.77795795910068,0 -63.828334566208,-8.777972627431231,0 -63.8284413516543,-8.77782493829735,0 -63.82939688861559,-8.778028115630249,0",ATIVAS,Sem restrição de Venda,RO-352 (ETCN) Secundária
RO-348 (ETCN),89,RO,PORTO VELHO,PVO,ETCN,BRONZE,Sem Restrição de Vendas,348 (ETCN) Secundária,Defesa Oi,76,252,252,252,0.3016,1100205,49,1.551020408,"-63.821345567705,-8.782430291176221,0 -63.8210478425041,-8.78255099058191,0 -63.8210766762509,-8.78266431391279,0 -63.82080107927451,-8.782785683870729,0 -63.8212828710684,-8.78401111811444,0 -63.820962011815,-8.78416568040892,0 -63.8191515207302,-8.780587613583039,0 -63.8186714053167,-8.78035292029427,0 -63.818867206575,-8.779292106628899,0 -63.8219544291512,-8.7799277901654,0 -63.821345567705,-8.782430291176221,0",ATIVAS,Sem restrição de Venda,RO-348 (ETCN) Secundária
RO-356 (ETCN),89,RO,PORTO VELHO,PVO,ETCN,BRONZE,Sem Restrição de Vendas,356 (ETCN) Secundária,Defesa Oi,51,184,184,171,0.2772,1100205,36,1.416666667,"-63.8234531134015,-8.78078810871431,0 -63.8231607526187,-8.78197163344228,0 -63.82335655387649,-8.781860992320571,0 -63.8233471661445,-8.78203399480233,0 -63.8241585343715,-8.7815807014788,0 -63.8242993503449,-8.78099061549551,0 -63.828411176764,-8.781966939576581,0 -63.8282341509687,-8.78267772496552,0 -63.8265711813796,-8.782345131047681,0 -63.82645584639221,-8.782919123776869,0 -63.8268119096388,-8.78357894719452,0 -63.8263638130952,-8.7838283926329,0 -63.8267874344815,-8.78464378417342,0 -63.8261433690418,-8.784992471345349,0 -63.8257101922857,-8.78417439759578,0 -63.824943080507,-8.784587457784021,0 -63.8247150927407,-8.78413416446042,0 -63.8235805183274,-8.78471352160765,0 -63.8228241353852,-8.78321953118637,0 -63.8212912529335,-8.784004077323241,0 -63.8208124786262,-8.78279305995297,0 -63.8210914283636,-8.78266699612923,0 -63.8210632651689,-8.782561048873131,0 -63.82210463281889,-8.782103732236081,0 -63.8225840776803,-8.782113119967621,0 -63.82296897467381,-8.7806754559357,0 -63.8234531134015,-8.78078810871431,0",ATIVAS,Sem restrição de Venda,RO-356 (ETCN) Secundária
RO-351 (ETCN),89,RO,PORTO VELHO,PVO,ETCN,BRONZE,Sem Restrição de Vendas,351 (ETCN) Secundária,Defesa Oi,80,220,220,210,0.3636,1100205,55,1.454545455,"-63.81387829780201,-8.778803944587599,0 -63.814597129818,-8.7801718711852,0 -63.81528913974411,-8.78138020634634,0 -63.81548695265919,-8.781296052038529,0 -63.81555199622801,-8.78140367567528,0 -63.8156177103489,-8.78138188272705,0 -63.81572633981399,-8.781633675098339,0 -63.8153367489546,-8.782102391123679,0 -63.8150556199222,-8.782436829060231,0 -63.81487507372789,-8.78226298838845,0 -63.8147542066842,-8.78240564838042,0 -63.81488949060131,-8.78264486789694,0 -63.8136959075897,-8.78408789634693,0 -63.81349524482779,-8.78401514142741,0 -63.8133911415904,-8.783915564417731,0 -63.81299199536141,-8.78388572484244,0 -63.81293080746821,-8.78379687666882,0 -63.8135138526528,-8.783293291926279,0 -63.8133391737907,-8.782986849546329,0 -63.8123776018588,-8.78344014286983,0 -63.8123179227083,-8.78321282565582,0 -63.8127219304411,-8.783034794032449,0 -63.8126270472972,-8.782832622527961,0 -63.813996314999,-8.7822157144545,0 -63.8141331076584,-8.781864345073579,0 -63.8122260570485,-8.77942621707907,0 -63.81387829780201,-8.778803944587599,0",ATIVAS,Sem restrição de Venda,RO-351 (ETCN) Secundária
RO-349 (ETCN),89,RO,PORTO VELHO,PVO,ETCN,BRONZE,Sem Restrição de Vendas,349 (ETCN) Secundária,Defesa Oi,80,229,229,215,0.3493,1100205,78,1.025641026,"-63.8224667310646,-8.77880662679706,0 -63.8223916292124,-8.779115080833799,0 -63.8222642242843,-8.779090940952679,0 -63.8221307843858,-8.779694437981041,0 -63.8221901282603,-8.77971857786218,0 -63.8221220672066,-8.77995058894197,0 -63.8202351331646,-8.77956569194831,0 -63.8188631832526,-8.77928406000178,0 -63.8187867402961,-8.779709190130569,0 -63.8174908980659,-8.77944398671425,0 -63.8170362636374,-8.779694437980989,0 -63.816517591469,-8.7787717580799,0 -63.81643712519839,-8.778559863567761,0 -63.8161300122661,-8.778582662344389,0 -63.8160998374146,-8.778527006507341,0 -63.8163060322326,-8.778508566320371,0 -63.8162944652062,-8.778430949897009,0 -63.816067944273,-8.77846250776245,0 -63.8160264957618,-8.77838677726729,0 -63.8159033656042,-8.777975142002539,0 -63.8166047632611,-8.77776324749032,0 -63.816639631978,-8.77751648426098,0 -63.8176779821433,-8.777757212520051,0 -63.8195370882672,-8.77815887332001,0 -63.8224667310646,-8.77880662679706,0",ATIVAS,Sem restrição de Venda,RO-349 (ETCN) Secundária
RO-359 (ETCN),89,RO,PORTO VELHO,PVO,ETCN,BRONZE,Sem Restrição de Vendas,359 (ETCN) Secundária,Defesa Oi,55,230,230,230,0.2391,1100205,46,1.195652174,"-63.8187807053311,-8.77972193062371,0 -63.8186600059251,-8.780349567533211,0 -63.8191320747119,-8.78059633076259,0 -63.819520995019,-8.78135405480929,0 -63.819328546522,-8.78143452107973,0 -63.81950356066021,-8.78178320825166,0 -63.8192487508035,-8.781898543239279,0 -63.8191910833103,-8.78178320825169,0 -63.8189268857218,-8.781925365329499,0 -63.8187431544039,-8.781681284309149,0 -63.8185057789064,-8.7818261235959,0 -63.8188772648549,-8.78241620957921,0 -63.8186593353724,-8.78254696726867,0 -63.8187555596207,-8.78268074244327,0 -63.818550202993,-8.78278652206129,0 -63.8180928025368,-8.78212393261558,0 -63.81777827162031,-8.78230426926231,0 -63.8179401890348,-8.78256878117165,0 -63.816959485409,-8.7831605225808,0 -63.81684683263129,-8.783224895597201,0 -63.8166966289264,-8.78291241824696,0 -63.81628356873799,-8.78310419619152,0 -63.81560765206601,-8.7818408757455,0 -63.8157363980987,-8.78164775669639,0 -63.81730817258099,-8.780888691545149,0 -63.8175549358111,-8.78132857382365,0 -63.8177990168316,-8.781173005700801,0 -63.8170265406348,-8.779716566205719,0 -63.817490562794,-8.779445663095199,0 -63.8187807053311,-8.77972193062371,0",ATIVAS,Sem restrição de Venda,RO-359 (ETCN) Secundária
RO-350 (ETCN),89,RO,PORTO VELHO,PVO,ETCN,BRONZE,Sem Restrição de Vendas,350 (ETCN) Secundária,Defesa Oi,56,253,253,219,0.2213,1100205,50,1.12,"-63.81650149821209,-8.77876237034828,0 -63.81779029964699,-8.781169652939001,0 -63.81755426525299,-8.781319856644,0 -63.8173088431285,-8.780859857797941,0 -63.8168178312407,-8.78109966404767,0 -63.8165900111123,-8.78121323883564,0 -63.815757185213,-8.781629651785201,0 -63.81562978028439,-8.78136813640633,0 -63.8155613839544,-8.781392276287431,0 -63.81549030541539,-8.781276941299749,0 -63.81529182194801,-8.7813708186152,0 -63.8145542144682,-8.78006726503399,0 -63.8138756155868,-8.77877444028884,0 -63.81523415445271,-8.77821922302274,0 -63.8157933950321,-8.778010010719569,0 -63.81589263676539,-8.77798184752494,0 -63.8160244841023,-8.77838920801908,0 -63.8160624541237,-8.7784693390134,0 -63.8162928726419,-8.77844151109487,0 -63.8163014640927,-8.77850102260739,0 -63.81609480827,-8.778524994850461,0 -63.8161253183976,-8.778588026762311,0 -63.816422373046,-8.7785665690902,0 -63.81650149821209,-8.77876237034828,0",ATIVAS,Sem restrição de Venda,RO-350 (ETCN) Secundária
